Category,Item,Annual_Import_Million_USD,Primary_Importers,Current_Local_Production,Local_Production_Potential,Existing_Industry,Technical_Complexity,Investment_Needed_Million_USD,Potential_Local_Production_Percentage,Import_Reduction_Million_USD,Key_Companies,Challenges,Recommendations
Chemicals & Pharmaceuticals,Pharmaceutical Products,1500,"India, China, Europe",Good - 98% of domestic demand,Very High,Yes - Strong pharmaceutical industry,Medium-High,200,80,1200,"Square, Beximco, Incepta, Renata","API imports, advanced formulations","API manufacturing, R&D investment, export focus"
Metals & Metal Products,Metal Products & Hardware,800,"China, India, Taiwan",Good,Very High,Yes - Many manufacturers,Low-Medium,150,80,640,Numerous SMEs,"Quality, standardization","Quality improvement, standards"
Electronics & Electrical,Electrical Appliances,1000,"China, India, Thailand",Yes - Growing,Very High,Yes - Walton leading,Medium,300,75,750,"Walton, Minister, Jamuna",Component imports,"Component manufacturing, export focus"
Textile Inputs,"Accessories (Buttons, Zippers, etc.)",800,"China, India, Taiwan",Yes - Growing,Very High,Yes - Many manufacturers,Low-Medium,150,85,680,Numerous SMEs,"Quality, variety","Quality improvement, diversification"
Paper & Packaging,Packaging Materials,400,"China, India, Thailand",Yes - Growing,Very High,Yes,Low-Medium,100,80,320,Many manufacturers,"Quality, variety","Modern equipment, standards"
Construction Materials,Cement,300,"India, Pakistan, Vietnam",Yes - Excellent,Very High,Yes - Strong industry,Medium,50,95,285,"Heidelberg, Holcim, Shah, others",Clinker imports,"Clinker production, export focus"
Construction Materials,Ceramic Tiles & Sanitary Ware,400,"China, India, Spain, Italy",Yes - Excellent,Very High,Yes - World-class,Medium,100,90,360,"RAK Ceramics, Shinepukur, others",Premium segment,"Premium products, export expansion"
Consumer Goods,Footwear,500,"China, Vietnam, India",Yes - Good,Very High,Yes - Large industry,Low-Medium,100,85,425,"Bata, Apex, Bay, others","Premium segment, branding","Quality improvement, export focus"
Consumer Goods,Furniture,300,"China, India, Malaysia",Yes - Excellent,Very High,Yes - Strong craftsmanship,Low-Medium,80,90,270,"Hatil, Otobi, Partex, others",Premium segment,"Design, branding, export"
